step,box_x,box_y,box_z,eef_x,eef_y,eef_z,wall_gap,box_height,measured_force_normal,phase
0,-6.025742057457168e-14,-0.054999999999358375,0.07266927766908228,-0.13888126277113125,-0.008205732317476351,0.26448289366666133,0.15500056804391948,0.15266927766908228,1.7688569196642946e-16,approach
1,-9.107173968510763e-14,-0.05499999999903014,0.0787120943358196,-0.13175728467042622,-0.03187558363666161,0.2529921302127438,0.15500056804359125,0.15871209433581962,-1.10404084729649e-10,approach
2,-9.75300570077948e-14,-0.05499999999896137,0.07972787847143735,-0.12458430365187517,-0.06176545509805907,0.23818534878329667,0.15500056804352247,0.15972787847143735,-5.4970006328921135e-11,approach
3,-9.84595606769699e-14,-0.05499999999895145,0.07986688272049787,-0.12176975000955322,-0.06663344960151397,0.21303466837963464,0.15500056804351256,0.15986688272049787,-1.16317408050924e-11,approach
4,-9.858412417508318e-14,-0.05499999999895012,0.07988799396465765,-0.11537285493428612,-0.05889066272774585,0.19182257607716058,0.15500056804351123,0.15988799396465764,-1.3512758384620735e-12,approach
5,-9.860446143649994e-14,-0.054999999998949896,0.07989151868481054,-0.10889452283429851,-0.06643294640704478,0.17347345010911286,0.155000568043511,0.15989151868481055,-1.9841743535901834e-13,approach
6,-9.860745768198705e-14,-0.054999999998949896,0.07989212017967573,-0.0950937174976799,-0.08509308789101448,0.16409603460807642,0.155000568043511,0.15989212017967575,-3.225534699452898e-14,approach
7,0.0024433179029292587,-0.05708272816041361,0.08017191987542292,-0.07850840645161145,-0.10186415145774763,0.16899981139884468,0.15708329620497472,0.16017191987542292,-1.0867799941208365e-14,approach
8,0.007308238784192501,-0.058861291702956925,0.08409855512402178,-0.07538567767421661,-0.08875448856296732,0.17665880537482978,0.15886185974751804,0.16409855512402177,-2.940311232940463,approach
9,0.005989407004685189,-0.06358260866661955,0.07882360900733681,-0.07942457104274327,-0.08267662966527549,0.18232965028337822,0.16358317671118067,0.15882360900733683,-1.567535559100991,approach
10,0.0064645330282684646,-0.063469033869476,0.07945266581922421,-0.09730725549273418,-0.10629414110584408,0.173396619342031,0.1634696019140371,0.1594526658192242,4.413639433172893,approach
11,0.006640642000576387,-0.06322775051473065,0.07982619667703258,-0.10908490809774338,-0.12951894274025172,0.1567363050234684,0.16322831855929176,0.15982619667703257,-0.1376048079254641,approach
12,0.006666496257215224,-0.06319155605171814,0.07988164791071764,-0.10352298091801249,-0.1400483447328393,0.14318420585705643,0.16319212409627926,0.15988164791071763,-0.03739393865168721,approach
13,0.0066704201108862245,-0.06318603988315553,0.07989045361385422,-0.08606482283437882,-0.15191584357738291,0.14204914673257724,0.16318660792771664,0.15989045361385423,-0.005145187983288821,approach
14,0.01259270458404842,-0.057072537325451256,0.08099461646368998,-0.07361358546586375,-0.14700622566232519,0.14597666345214383,0.15707310537001234,0.16099461646368998,-0.0008042600148141772,approach
15,0.024254810837158337,-0.04617637954958244,0.085661391731218,-0.05372307034073117,-0.1320978127526216,0.16255465633086513,0.14617694759414354,0.16566139173121802,0.7932070970138067,approach
16,0.031393330533775216,-0.03941546492540838,0.08752676090485,-0.04199728596516014,-0.1196449970531862,0.16609717681509323,0.1394160329699695,0.16752676090485,-0.7677480352914898,approach
17,0.03361769190323573,-0.040271422656123254,0.0887468785220825,-0.03658973901672941,-0.12120223890359932,0.17040421771002529,0.14027199070068436,0.1687468785220825,-2.2865258353741353,approach
18,0.038471744610509784,-0.042276819416930254,0.089710045668716,-0.026675444607871617,-0.12527814767949022,0.1756416664524199,0.14227738746149135,0.169710045668716,-1.3164211472994722,approach
19,0.04408068913605587,-0.03796344928191517,0.09151293538983381,-0.02149429121690946,-0.12058982759194158,0.1771900338816093,0.13796401732647628,0.1715129353898338,-0.034315598656130986,approach
20,0.05293390249674798,-0.02396671971442653,0.09850013725923963,-0.013359785866732789,-0.10073091110468443,0.18935317851436845,0.12396728775898763,0.17850013725923963,0.21162286483081516,approach
21,0.06074885770509867,-0.01462806260528468,0.10443263029998352,-0.018061624527567398,-0.09333603227540435,0.18320605515792412,0.11462863064984578,0.18443263029998352,-4.538256605849483,approach
22,0.05978669714849929,-0.014788143294193886,0.10390166647305685,-0.019881466310921574,-0.10323061808663377,0.1745095030426021,0.11478871133875498,0.18390166647305684,-2.1780508564545658,approach
23,0.06055509154062272,-0.019998623884061026,0.10024251754897479,-0.013496077259050623,-0.12402239157524672,0.1701623804264553,0.11999919192862213,0.1802425175489748,-1.6347711924712778,approach
24,0.06587436179374175,-0.03128323176456235,0.09279690745678698,-0.00836364657397766,-0.1457309657172401,0.1557328122676961,0.13128379980912347,0.172796907456787,-0.5025613063685791,approach
25,0.07350414915570314,-0.04713664211893117,0.07874460576250476,0.005336166984706674,-0.14544263671039404,0.1436981090594313,0.14713721016349227,0.15874460576250476,-1.4842507634317923,approach
26,0.0822099705223075,-0.04550485994470022,0.08023262055308442,0.008945917208579082,-0.14155267998309712,0.12585500578476297,0.14550542798926133,0.1602326205530844,18.320612868596413,approach
27,0.08147518299797835,-0.045617645787472925,0.07962201137312731,0.011244738808748822,-0.1324001757595345,0.10385010273550288,0.14561821383203402,0.15962201137312731,-0.5233874402088105,approach
28,0.08791039132966746,-0.03763071897800354,0.08006294181146216,0.017832837914700993,-0.11628042654949952,0.09428820757606166,0.13763128702256464,0.16006294181146216,-0.00823489789411613,approach
29,0.0967128876941591,-0.02322326462175823,0.08082040456003727,0.022134054936992213,-0.09591508002432098,0.095226320432827,0.12322383266631934,0.16082040456003727,-8.18810927212611,approach
30,0.11116868895887481,-0.001747622188249807,0.08489628703320695,0.028127510037426487,-0.06463701876576335,0.10584938089946797,0.10174819023281091,0.16489628703320697,0.0,approach
31,0.126098463474014,0.01934843188598311,0.08591559959219619,0.040231397529577106,-0.04609915780050662,0.11178243987385478,0.080652136158578,0.1659155995921962,0.0,approach
32,0.1531757212068616,0.03815243172227776,0.08701494517952238,0.06297792127091481,-0.02903119801870592,0.1169932499625479,0.06184813632228334,0.16701494517952237,-1.2375786447218329,approach
33,0.17018456793869852,0.04890455275089111,0.08643241624862047,0.07468581615576055,-0.0021163419527457303,0.123058551050491,0.05109601529367,0.16643241624862048,0.0,approach
34,0.16933918319747618,0.05018926781528578,0.08481851209045475,0.07042733346836896,0.007028142872583729,0.11081896728326528,0.049811300229275324,0.16481851209045476,1.0142305056371959,approach
35,0.16247818282229218,0.04992700008442941,0.07860868706609181,0.06650579422883714,-0.00975850967160053,0.08370047955733584,0.05007356796013168,0.15860868706609182,-0.04656896131994686,approach
36,0.16362712611015712,0.049949592848923835,0.07948736561665898,0.07394737745379606,-0.048833033895615365,0.06888830665517995,0.05005097519563728,0.159487365616659,0.11685422078480776,approach
37,0.16688986117899954,0.050097545435627035,0.08190252067380453,0.0870990070196931,-0.06464488429542463,0.0771026216455808,0.04990302260893406,0.16190252067380453,-0.004989271093380801,approach
38,0.17653668624102656,0.047888680890278035,0.08533104210515031,0.09819216507231106,-0.07239065985701276,0.0877631685673681,0.052111887154283054,0.16533104210515032,-1.4761879849155388,approach
39,0.18211503354589922,0.04222357364182135,0.07989437191751834,0.11122412604734158,-0.058630436983947196,0.10212010732780077,0.057776994402739756,0.15989437191751835,-0.8962932194512938,approach
40,0.1920700123175076,0.05137953226894625,0.08170161771447008,0.11066284348327259,-0.05276984018309138,0.09975289134177664,0.04862103577561486,0.1617016177144701,16.916081060234127,approach
41,0.19254527549289893,0.0531167714650843,0.07945724338875962,0.10793442170758423,-0.05931970929419087,0.08806006299076606,0.046883796579476805,0.1594572433887596,0.0,approach
42,0.19277179438042838,0.053318695554921594,0.07980958929624823,0.11740387148302663,-0.07058476170863254,0.08660680117416034,0.04668187248963951,0.15980958929624822,-0.15617488270680918,approach
43,0.20261701132320176,0.06174091233566237,0.08214767344435124,0.13614588200412364,-0.06699024912785206,0.09215074476797291,0.03825965570889872,0.16214767344435124,-0.03177819726144647,approach
44,0.21713105085848924,0.07411371620276705,0.07997442487176432,0.15045707165356603,-0.06548776157614179,0.08933097253779672,0.025886851841794067,0.15997442487176433,1.7615984257292456,approach
45,0.21875400092503283,0.07529024775680929,0.07959565446030312,0.1644333028401423,-0.07169072686353252,0.08487381958602365,0.02471032028775183,0.1595956544603031,-9.712237777978185,approach
46,0.21861065378227293,0.07546177812734853,0.07984398198128295,0.17139999658123903,-0.07536164735186694,0.08103873052795635,0.02453878991721259,0.15984398198128297,-0.12819721482224042,approach
47,0.21858667505252813,0.0754874893380757,0.079884325852958,0.18362035736464621,-0.07312658883963685,0.08058872469263663,0.02451307870648539,0.159884325852958,-0.025539826977294774,approach
48,0.2264687364359666,0.08837399955490936,0.0814583157617883,0.19526948707530284,-0.0552843924125114,0.08058190352059341,0.01162656848965174,0.16145831576178832,-0.003692243663082159,approach
49,0.24385478580822684,0.11972923264535444,0.08654627580034568,0.20528750739153886,-0.022751632405687502,0.08885568734172798,-0.01972866460079334,0.1665462758003457,1.419971157305205,approach
50,0.2597266914307095,0.1466064264031358,0.0924476037032296,0.21999367228322309,0.01350607067016616,0.10946350573123481,-0.04660585835857467,0.1724476037032296,0.0,approach
51,0.26125810739009436,0.14299522277242524,0.09292106232313041,0.2201222276524084,0.010171776318963715,0.10664524070196893,-0.04299465472786412,0.17292106232313043,-8.743882283387563,approach
52,0.2659791419737799,0.14177686534868308,0.09422921560861916,0.22751577544540114,0.005352549031493731,0.11883711407463436,-0.04177629730412197,0.17422921560861915,0.7744198654341365,approach
53,0.27436027790248285,0.1481065844202939,0.10103441154794127,0.23328445207204132,0.020658267396411283,0.13251105453568346,-0.04810601637573281,0.18103441154794125,-1.722849446325913,approach
54,0.27620839546369597,0.14807968135843125,0.10260819112676718,0.23155226018951436,0.039771210442665524,0.12313316119088262,-0.04807911331387016,0.18260819112676718,-3.5788477649715906,push_to_wall
55,0.27881617744177895,0.14960743193687712,0.10225378834196502,0.2313979130629593,0.054388755171794104,0.11294820490374027,-0.049606863892316,0.18225378834196504,0.43306304132117646,lift
56,0.2756625199661194,0.1477087140062114,0.0991645176702097,0.22593288897213698,0.05258015273291557,0.10275253337743512,-0.047708145961650295,0.1791645176702097,1.2083029819057742,lift
57,0.2720444430162397,0.14484549389911858,0.1015725637747837,0.2193076677663484,0.05342841855801258,0.1074419300132779,-0.04484492585455746,0.1815725637747837,-0.4481653532705394,lift
58,0.26815224405724797,0.14089717732236792,0.10213968349183682,0.2121630173574195,0.05331022599229507,0.11078770711478288,-0.040896609277806806,0.18213968349183682,-1.1900825432721263,lift
59,0.2612691969702429,0.1322200403858692,0.09858506893297915,0.20112485771340494,0.04168518912628696,0.09093405554984889,-0.03221947234130812,0.17858506893297915,-0.7069065233740669,lift
60,0.25046581171189686,0.1254196825825267,0.10107228982418615,0.18253425936853937,0.04812033178333186,0.06571331010539921,-0.02541911453796558,0.18107228982418616,0.5952418979619147,lift
61,0.2356409881959031,0.11816829237115667,0.10010114907662568,0.16466682059631343,0.049511333368193314,0.04871911780374039,-0.01816772432659558,0.18010114907662567,1.5369043732362115,lift
62,0.22171514070547174,0.11427245571877416,0.10625334407209566,0.140513561942046,0.055451211024164115,0.034720895470395356,-0.014271887674213057,0.18625334407209565,1.5900725425577207,lift
63,0.20121862157931988,0.11228914144365948,0.1141761450689224,0.11968445740184044,0.06409778961452206,0.03380721887826318,-0.01228857339909839,0.1941761450689224,-11.033002893443282,lift
64,0.1981747866568703,0.11723662473129881,0.12309793675938706,0.11485849884873432,0.06651037302745108,0.04749773944095635,-0.017236056686737722,0.20309793675938706,0.5121814330209062,lift
65,0.20197906168729643,0.12735183022774113,0.13409418439942758,0.11906604352732489,0.06910287120689705,0.06412864712682098,-0.027351262183180014,0.21409418439942757,1.669502579264602,lift
66,0.19533519972979607,0.12505447196479227,0.13227881127721514,0.11002118288527542,0.07421747405155844,0.06230739146129104,-0.025053903920231158,0.21227881127721515,-8.353850713064105,lift
67,0.18495631518797126,0.12132680926496937,0.12899197976278043,0.09656221488382864,0.0802955562585578,0.05886407175182456,-0.02132624122040827,0.20899197976278044,-0.5559421408118554,lift
68,0.18272519515220007,0.12079858948993343,0.13069664093597827,0.09337697899131024,0.08002930533002661,0.06139783327754387,-0.020798021445372322,0.21069664093597829,0.3619270028821191,lift
69,0.182254016578579,0.12054436847493177,0.13032514273917337,0.09180511867719607,0.08061773330321513,0.060597611122465186,-0.020543800430370684,0.21032514273917335,-0.4720826220593972,lift
70,0.18396768372574993,0.12095949732501222,0.12990699488008597,0.0935897064013013,0.08044976689334804,0.059948064724815966,-0.020958929280451122,0.20990699488008596,0.10532500255280297,lift
71,0.18510725600826866,0.1159649627481867,0.12293803907010019,0.09441441954192907,0.07775734284494382,0.050343497421665676,-0.015964394703625595,0.2029380390701002,0.048933189650590236,lift
72,0.1921907279016901,0.11218036907017874,0.11590375645904277,0.09998237797796496,0.07494678696233639,0.04451919138565764,-0.012179801025617637,0.1959037564590428,0.1607072048628595,lift
73,0.20729281214552805,0.11487214608540189,0.11560553948174324,0.11818877707030088,0.06818765911806914,0.04419270705815683,-0.014871578040840772,0.19560553948174325,1.9381759804697936,lift
74,0.22370262529089807,0.12179150488160634,0.1188941754169807,0.1390250409818202,0.060920637055259394,0.04863822994958603,-0.02179093683704525,0.1988941754169807,0.578934029673249,lift
75,0.23928624363998535,0.13278788606172492,0.12536097967092838,0.15328165922692727,0.05682675683687293,0.06696255716710284,-0.032787318017163836,0.20536097967092837,1.3325010907419284,lift
76,0.25645895720381906,0.14673945981168454,0.13080460622914303,0.17098987837419583,0.0530323204420371,0.09544252280051652,-0.046738891767123425,0.21080460622914304,1.113497525243993,lift
77,0.26553467009476456,0.13971606877209503,0.13661272924853224,0.18368914351265406,0.041876178854773724,0.10804002380094904,-0.03971550072753394,0.21661272924853225,-1.744921116457121,lift
78,0.27597097488501215,0.1377064801268996,0.14189146564529875,0.18881919167180927,0.04073165680440522,0.12347413481796718,-0.03770591208233848,0.22189146564529877,10.325033697280848,lift
79,0.27402733504837257,0.13628105177920638,0.13373958381697454,0.18563382932604833,0.03222635289524697,0.11899980634807031,-0.036280483734645264,0.21373958381697455,-0.1289733536064972,lift
80,0.27126423747260475,0.13494346320532105,0.10164051210476001,0.19331434284349827,0.023727085655539302,0.12262268838050298,-0.034942895160759935,0.18164051210476,0.0,lift
81,0.2797775005674466,0.14090461524874306,0.1024438793524209,0.21054357220211922,0.033490660178854124,0.14906909857423697,-0.04090404720418195,0.1824438793524209,0.0,lift
82,0.2880375888771478,0.14878386340020888,0.10696227289664237,0.2153534685349247,0.048204085137606614,0.14837549366622893,-0.04878329535564779,0.18696227289664236,5.6336457137348654,lift
83,0.29405418535510447,0.15043565124936042,0.10277198520386602,0.22550741667866703,0.052436838397821206,0.14389740839902038,-0.050435083204799336,0.182771985203866,-8.335263989649981,lift
84,0.30089847430568883,0.1478756975437621,0.09611003713737873,0.23300473218309053,0.0397904186197129,0.13072052905416284,-0.047875129499200975,0.17611003713737872,-5.896667063391371,lift
85,0.2955533188182295,0.14965431981512828,0.09378274371959289,0.239414881826879,0.03347194645411947,0.11279636288043349,-0.04965375177056719,0.1737827437195929,-3.4386038222129875,lift
86,0.3094799586858254,0.14906707934250107,0.09395639351937062,0.2502992248016809,0.04508125218844565,0.10632430810788931,-0.049066511297939985,0.17395639351937062,-10.912916296330344,lift
87,0.3200385152304273,0.14766123847181137,0.09434316292115069,0.2652131285442772,0.044833310174050525,0.10738882361426744,-0.04766067042725025,0.1743431629211507,1.71743199744256,lift
88,0.3359349251762079,0.14718882481582052,0.09591814939815134,0.28174964563485494,0.04423341990854051,0.11474859028559153,-0.04718825677125943,0.17591814939815134,9.950704676385028,lift
89,0.3406646736319895,0.14531537696629535,0.09611535116494462,0.28919621500881204,0.04362248826674492,0.11454381611329285,-0.04531480892173423,0.17611535116494462,-2.7072253262335693,lift
90,0.3473032854342945,0.14406086764930895,0.09991808316730295,0.29446815263846016,0.04501265164365629,0.1250839479760329,-0.04406029960474783,0.17991808316730296,-0.958666914478485,lift
91,0.34707724932030665,0.13493125905498826,0.11094420851940096,0.2934364924542405,0.04045489366926899,0.14666085425667463,-0.03493069101042717,0.19094420851940097,-2.8165744950350415,lift
92,0.34006581708392736,0.12645517923884014,0.11824650610601682,0.28344051118771746,0.04050441974777113,0.16099355212994734,-0.026454611194279054,0.19824650610601682,-1.8705717079681534,lift
93,0.33787984219539324,0.13209797497851103,0.10932168800235159,0.2807571089301886,0.04864696210427589,0.14389974876108647,-0.03209740693394991,0.1893216880023516,4.02258602042761,lift
94,0.3400468907990836,0.13151769655333911,0.10980303842108205,0.2840867700170791,0.04205462492208243,0.14628533721416154,-0.031517128508778025,0.18980303842108204,-0.6164034407194094,lift
95,0.3436517436520838,0.13142702093453834,0.11184224442538483,0.28921104289370164,0.0349523655217994,0.1540831826675267,-0.03142645288997725,0.19184224442538483,0.08140177778074076,lift
96,0.3468534730942254,0.13294842256214748,0.111503041993037,0.2922953877391496,0.0353188341289458,0.14636129108349866,-0.03294785451758636,0.191503041993037,0.007081513549664464,lift
97,0.3477696081354997,0.13684312332846713,0.106980133526185,0.2933172333589054,0.032446474222089496,0.13601354783526626,-0.03684255528390601,0.186980133526185,2.9526028875789834,lift
98,0.35374365944217867,0.13287120433238817,0.11165082512078936,0.29889615069821085,0.033024520309082754,0.14511937761446395,-0.03287063628782705,0.19165082512078935,2.2800609128013036,lift
99,0.36051826733757786,0.1300808251572431,0.11611457400648632,0.30419755764660417,0.03201542986361352,0.1580820101946301,-0.030080257112681974,0.19611457400648633,5.7120852712646455,lift
100,0.3643491671846976,0.12801804500687236,0.11288306783248594,0.30492209365995404,0.028079161791239687,0.15471994838137323,-0.028017476962311272,0.19288306783248593,-1.7992829806134694,lift
101,0.36557033547422885,0.12985544228609233,0.10735057894447635,0.30306896747045525,0.030157942797050852,0.14482580504537945,-0.029854874241531215,0.18735057894447635,4.912228774349082,lift
102,0.36633104352415535,0.1291001192346582,0.10762454336381815,0.3050841736864307,0.02262645477358088,0.15092473743439816,-0.029099551190097106,0.18762454336381815,-1.203827488283487,lift
103,0.3644913434054963,0.12623858393985266,0.10516047491754711,0.3079856740785891,0.013613417088190725,0.16178657246132003,-0.026238015895291567,0.1851604749175471,-1.34209962245343,lift
104,0.3660561647321621,0.13015899663672428,0.10566218329468395,0.307645388927112,0.020488637777597418,0.16105667248048183,-0.030158428592163167,0.18566218329468395,1.7733948532263177,lift
105,0.3649545240856846,0.13048475799287007,0.10506029062825503,0.30622653077624656,0.029307019192761113,0.15709742830847123,-0.030484189948308982,0.18506029062825502,-4.67042507113581,lift
106,0.3643553649384813,0.12952662680861166,0.10471959004677059,0.30572268275385933,0.026995179872792787,0.1587733613392283,-0.029526058764050567,0.18471959004677058,-0.06160393578072387,lift
107,0.3641582610013701,0.12931603226880112,0.10540042555199411,0.3064148556410816,0.03111991388019237,0.15770206348769678,-0.02931546422424003,0.1854004255519941,0.0682585838429306,lift
108,0.3623747606899279,0.1279676524550452,0.10599565990569555,0.30399336445319936,0.03756972461833417,0.15532729674007872,-0.027967084410484122,0.18599565990569555,0.18576785525159778,lift
109,0.36108715604148806,0.12831362623157444,0.10424183592622818,0.3010776150567701,0.038734881151419785,0.15032728026181538,-0.02831305818701335,0.18424183592622817,0.38108659665907396,lift
110,0.36223156007380375,0.12774572003454604,0.10447517027093665,0.3021859119385572,0.0312918050393,0.15463465761119577,-0.02774515198998495,0.18447517027093666,-0.12734557408567504,lift
111,0.3635757459170934,0.12928987849706838,0.10444979809514487,0.3046181828557812,0.03563304968440613,0.15376135239000466,-0.029289310452507267,0.1844497980951449,1.7247706587989189,lift
112,0.36539755067499496,0.13127723198208283,0.10657836990061079,0.30906180132387195,0.0422737091905342,0.15702005419511858,-0.03127666393752171,0.18657836990061077,-1.5839096692554904,lift
113,0.3690602745007135,0.13455200829418096,0.10505737912456703,0.31429072279224113,0.041485836593532374,0.15422459688494744,-0.03455144024961987,0.18505737912456705,-0.5462722796542323,lift
114,0.3722838960971691,0.13436761566899907,0.1031839509708538,0.3175723747125919,0.040767005579025774,0.14812993185441778,-0.034367047624437985,0.1831839509708538,-3.4391480536962504,lift
115,0.37317081351766096,0.1341215236143684,0.10609048267292913,0.31618749090688436,0.04005388634201419,0.15063279830975088,-0.03412095556980732,0.18609048267292913,0.5641992000829958,lift
116,0.37268687760398606,0.1337543577040445,0.1064103294461228,0.31549163309725536,0.03647591275634836,0.15026377430330265,-0.03375378965948339,0.1864103294461228,-0.4605495313737351,lift
117,0.3748307655127477,0.1309156340871494,0.10715602209204413,0.3186480576226547,0.029747327651242994,0.151034344950584,-0.030915066042588313,0.18715602209204413,-1.1257226475066204,lift
118,0.3755406962866754,0.13065180982222335,0.10558893206512862,0.3182651336786644,0.02936263502722086,0.14614789340885376,-0.030651241777662264,0.1855889320651286,0.29971716603070675,lift
119,0.3760639038746756,0.13469461165869004,0.10843066956175997,0.3169834054106534,0.03945383385761728,0.14994666006103358,-0.03469404361412892,0.18843066956175997,-0.0598595105002957,lift
120,0.3733442078410302,0.13300815520785336,0.11224150716826121,0.31509519602688585,0.03386538468712944,0.16347451862004536,-0.033007587163292273,0.19224150716826122,-1.460468693813695,lift
121,0.3677959404382979,0.12613563685124712,0.10631475675242939,0.3103425114342493,0.010500108453105804,0.1887900172811691,-0.026135068806686035,0.1863147567524294,-0.45336615348313447,lift
122,0.36045698286801625,0.11787204654146076,0.09561136414974035,0.3072491662693238,0.009960481366268608,0.1825087748169416,-0.017871478496899657,0.17561136414974035,-1.4045188076030284,lift
123,0.3597550005443049,0.1221634403231394,0.09737862741925919,0.3061532174231795,0.027961075316270154,0.1837035820320369,-0.0221628722785783,0.1773786274192592,3.8183542886678126,lift
124,0.35536304362673815,0.1330533034605427,0.10181094840111021,0.30730683081019666,0.049095850562180604,0.18440924744030254,-0.03305273541598158,0.18181094840111023,0.5340123167184352,lift
125,0.35556458150390047,0.1321817535545235,0.1016398908876531,0.30942783480518216,0.04856007795114002,0.18302278802547267,-0.03218118550996241,0.1816398908876531,-6.134883328397265,lift
126,0.35233077797199147,0.1291535848834055,0.09795473046388167,0.310843177711466,0.03445280068053157,0.18321565120273425,-0.029153016838844414,0.17795473046388166,-0.9274086045293523,lift
127,0.3469906524937686,0.1280253229591989,0.09291323027752021,0.31430246232260384,0.027538176222822366,0.19342521890228512,-0.028024754914637795,0.1729132302775202,3.842393071169412,lift
128,0.34321221737111857,0.12019300316296637,0.0854176974551255,0.31684103356469306,0.015639163059303275,0.1855222473497597,-0.020192435118405266,0.1654176974551255,-1.349347114382932,lift
129,0.34657727922876047,0.11322329871208797,0.07675339660320463,0.3171774923750271,0.015653248417225735,0.16241173593922753,-0.013222730667526883,0.15675339660320464,-1.2856485174692402,lift
130,0.35004578598935066,0.11254532947686781,0.0799019054349066,0.3221614355302581,0.007759958801291272,0.17054670425454216,-0.012544761432306706,0.15990190543490662,-0.4721527043424807,lift
131,0.3533280839352915,0.1136594622822183,0.08498341970693374,0.32597324527019644,0.012088190549020984,0.18215887085855198,-0.013658894237657204,0.16498341970693375,-0.01576340829893641,lift
132,0.35636266778926917,0.11359249840637053,0.08783942592289226,0.3289932714216924,0.017398255321973387,0.1892755173574847,-0.013591930361809446,0.16783942592289225,-0.28805582379740713,lift
133,0.3581060522756089,0.1137653952000628,0.08959915334880679,0.3293356983665999,0.01964216522424831,0.194399234450864,-0.013764827155501702,0.1695991533488068,-0.14540610260276488,lift
134,0.3580595472224591,0.11214411751333211,0.08985600592740417,0.3272308172538372,0.01775175036131231,0.19455874691136243,-0.012143549468770998,0.16985600592740419,-0.06543168270354016,lift
135,0.3610292505761926,0.11313562845698671,0.0914366902868413,0.32712857276466323,0.018542881284645426,0.1954859922121427,-0.013135060412425625,0.1714366902868413,-1.4621403916883733,lift
136,0.361996917714168,0.11965865800106827,0.0871349426336651,0.32627557673414626,0.040291830027952495,0.19042485458694913,-0.01965808995650717,0.1671349426336651,2.7466288123772618,lift
137,0.35049708952537645,0.12019057098854823,0.07869225718319424,0.3254818123068746,0.05661326430924243,0.20179192257537545,-0.020190002943987123,0.15869225718319424,-1.632065600609956,lift
138,0.35149907575950734,0.11999546777157147,0.07894581775665531,0.3266885614238603,0.04053966845418552,0.23103085037025126,-0.01999489972701035,0.1589458177566553,0.31398536767502816,lift
139,0.35182158660828,0.12000885430022436,0.07970182375135024,0.3281513724411329,0.010384424841370362,0.2631383825842977,-0.020008286255663255,0.15970182375135022,0.10919366294055707,lift
140,0.35182061639195483,0.12001607051500565,0.07986175995848137,0.3314750727890258,-0.006512439974696228,0.27680108193881203,-0.020015502470444535,0.15986175995848137,-0.006099463830700365,lift
141,0.35181927430564763,0.12001715555751018,0.07988712349238583,0.3298848820134693,-0.004894478885662704,0.2579727293203381,-0.020016587512949074,0.15988712349238582,-0.0010492281390049425,lift
142,0.35181903082643157,0.12001732863838037,0.07989137011532531,0.3245232415362542,0.0018894765647889042,0.2390389671148656,-0.020016760593819266,0.1598913701153253,-0.00015687830313663697,lift
143,0.35181898990843774,0.12001735724825263,0.07989209472929888,0.3142451709983887,0.009824580239259917,0.219348047091588,-0.020016789203691543,0.15989209472929888,-2.537585913854588e-05,lift
144,0.3518189830688394,0.12001736202017738,0.07989221888356912,0.2990997368405376,0.014327351135399468,0.20681960768302227,-0.020016793975616287,0.15989221888356914,-4.211689349312439e-06,lift
145,0.3517313329227212,0.11992541529991824,0.08000168263907542,0.2799224078819849,0.003897158099712951,0.19336898871010502,-0.019924847255357148,0.16000168263907544,-7.031082244578832e-07,lift
146,0.3492636182996267,0.11553521870227834,0.08530418098469396,0.2669976646309262,0.0026317043632860387,0.18781318400573632,-0.015534650657717253,0.16530418098469396,-12.24530670452624,lift
147,0.34635363518450835,0.11667051999751803,0.08767256255950204,0.2583175638622724,0.018910980368033056,0.18431109201215956,-0.016669951952956924,0.16767256255950203,1.557607484659556,lift
148,0.3412876370979136,0.1159892325917735,0.0903368274602904,0.25067999919720985,0.034683774881189136,0.1802398353402892,-0.0159886645472124,0.17033682746029039,-0.2391675179733994,lift
149,0.3419084805212704,0.11763303130663756,0.091726986106627,0.2539807168671009,0.057005988721264916,0.18840004398221608,-0.01763246326207646,0.171726986106627,-0.39246095644575263,lift
150,0.3470830435841049,0.12310227027617619,0.09438601034672667,0.26489899879073187,0.0761311618952929,0.19789479843981997,-0.02310170223161509,0.17438601034672668,0.8833565929638816,lift
151,0.35399505394472647,0.1223905117774799,0.08998423099037002,0.27538375108948354,0.09268539428366915,0.204096082903038,-0.022389943732918804,0.16998423099037002,-0.5776188534550784,lift
152,0.3517932102424387,0.11150098739132068,0.08127447795952478,0.2800527039813406,0.10764106764786044,0.19258684231524328,-0.011500419346759577,0.16127447795952476,-2.136289275453446,lift
153,0.35180542782388635,0.1108761809957235,0.07945870659971796,0.28396085852928615,0.1283018187704677,0.1792618127384019,-0.010875612951162406,0.15945870659971795,-1.5850097452882692,lift
154,0.35358546539195573,0.11077101153323131,0.07901401622532314,0.28669253807841455,0.13823227672582444,0.1699847864504315,-0.010770443488670206,0.15901401622532313,0.5669776743551544,lift
155,0.3591227811428628,0.1082349757879593,0.08437166419749584,0.2976713519893651,0.13002080992058646,0.18371656726405386,-0.008234407743398203,0.16437166419749583,0.63170608894937,lift
156,0.36444410940072897,0.10960624304922253,0.09057789129293714,0.3074557725744292,0.13000232182950214,0.19595772932400105,-0.009605675004661418,0.17057789129293716,0.03188499905225939,lift
157,0.3662568691827303,0.10718433541763366,0.09085937035089432,0.3122860847289816,0.12135790004114169,0.19871449905456964,-0.007183767373072553,0.17085937035089432,2.144117247359432,lift
158,0.3680942198617053,0.1082401780794494,0.09128644718366362,0.31440046737729327,0.11976437205640696,0.20246106971237923,-0.008239610034888295,0.17128644718366362,-0.03361012361281723,lift
159,0.36849052174567754,0.10819699727278928,0.09046044025307165,0.3155194953825786,0.12318399955960904,0.19498750898992434,-0.008196429228228164,0.17046044025307167,-0.8684666743937068,lift
160,0.36981342006758755,0.10910089333630667,0.09022742653020609,0.3180476124682764,0.12331917880956555,0.1927321440140622,-0.009100325291745565,0.1702274265302061,0.03688835212872732,lift
161,0.3707112134551462,0.10955366147913136,0.09182842092497703,0.31869384709750176,0.12289789123435364,0.19760974053527378,-0.009553093434570253,0.17182842092497702,0.9122019258059169,lift
162,0.3675973373114591,0.10965356827817216,0.091565819778296,0.3170431796616976,0.1254264621697726,0.21673516717296032,-0.009653000233611042,0.171565819778296,-0.18242648356112312,lift
163,0.35723502017701697,0.11216990488240101,0.08356313971974036,0.3145792313502958,0.12103142082613354,0.21168221724231587,-0.012169336837839911,0.16356313971974035,0.639059297196632,lift
164,0.35402999140120217,0.11205142688793501,0.07783372457865721,0.3096869328267351,0.11477003495685495,0.1935162569123714,-0.012050858843373924,0.15783372457865721,0.47294160789005923,lift
165,0.3518819765658254,0.11268016575725386,0.08179452665508682,0.30602306500040327,0.11588810191237524,0.19434212481055865,-0.012679597712692753,0.1617945266550868,0.10146328009031066,lift
166,0.3480153107977537,0.10767341677595207,0.08239827234149648,0.3005938110279246,0.1140778855410392,0.18371796906328924,-0.007672848731390958,0.16239827234149648,-3.2029524199018926,lift
167,0.34721098635486547,0.10591021416301363,0.08655647065802968,0.2978299087892753,0.11216802198168209,0.19027784582413343,-0.005909646118452516,0.1665564706580297,-8.541966880258997,lift
168,0.34965298612891194,0.10795565519074432,0.08289641098865565,0.28993730239879406,0.10997903179002427,0.1855721545763504,-0.007955087146183204,0.16289641098865565,0.8566521152491541,lift
169,0.3423236913739609,0.10820958464143604,0.08731562151104799,0.27772507518778233,0.11295289895172103,0.17901026547628968,-0.008209016596874952,0.167315621511048,-5.567802391992956,lift
170,0.3359149273337921,0.10569630872131133,0.09415072688205699,0.2672296467820761,0.11295943305888048,0.1775055837606698,-0.005695740676750216,0.174150726882057,-6.660151011728751,lift
171,0.3282341567047671,0.10514022607426458,0.10216999376951404,0.2546399488348674,0.11256661255103245,0.1814717404465208,-0.005139658029703481,0.18216999376951404,5.934800810931776,lift
172,0.32258966465661976,0.10700792167478712,0.10507815677318248,0.24637748385460986,0.11470658336891093,0.18032445171574898,-0.007007353630226032,0.18507815677318248,3.8840114816429967,lift
173,0.3185124134587055,0.1055456879888821,0.10845223766659666,0.24106433779225492,0.10957132347593881,0.1822498623823506,-0.0055451199443209975,0.18845223766659666,-0.8389056473709786,lift
174,0.3152715766359984,0.10684573479342596,0.11177922170922817,0.2370097795376426,0.10772779492831404,0.18697402777675032,-0.006845166748864873,0.19177922170922818,-0.1166279946781863,lift
175,0.3186211352554244,0.10672117599197324,0.11009609403659468,0.24432136157580933,0.09879711185657528,0.19153863742869565,-0.006720607947412138,0.19009609403659466,0.5183307232810446,lift
176,0.3202900214546925,0.10834994956461927,0.10904368950355041,0.24845103702412497,0.08853344830668583,0.19739300091144488,-0.008349381520058152,0.1890436895035504,-0.4230268969698159,lift
177,0.3195300358957662,0.11654544521251815,0.10500872472464702,0.2411563209841848,0.09187267315175468,0.19123488180525028,-0.01654487716795705,0.18500872472464702,1.3272876826903677,lift
178,0.3109972092234843,0.1250177914341469,0.10355066056073658,0.23336703255938834,0.09290090120555718,0.1873248583255079,-0.025017223389585785,0.1835506605607366,1.3888396308051192,lift
179,0.3066667796432197,0.1308082664320276,0.10203961795157984,0.2293824325198156,0.09062794982500923,0.18534915489341913,-0.030807698387466498,0.18203961795157986,-1.439263844380811,lift
180,0.30648122177028725,0.1328488466307711,0.10024412658274341,0.23404209675481424,0.07519282371304502,0.19111122049429252,-0.03284827858620998,0.1802441265827434,0.17989775018969922,lift
181,0.3083658542586744,0.13102343287318965,0.10096499102720152,0.23661661280913227,0.0749446501211076,0.19036311545237677,-0.031022864828628538,0.18096499102720154,-1.6574016055532113,lift
182,0.30994806687591314,0.13196513463274398,0.09858554651358628,0.23991285338357918,0.0767525978197841,0.1887625880756355,-0.03196456658818286,0.17858554651358627,4.279991418058238,lift
183,0.3144772166698133,0.12892859839449758,0.09865572083009974,0.2539031566494512,0.05843809226525966,0.20642721938606123,-0.028928030349936462,0.17865572083009973,0.3313482782047359,lift
184,0.3229303828493312,0.12131597351550763,0.09727538973445066,0.2595787804457043,0.0442723177977077,0.21963643324662707,-0.021315405470946513,0.17727538973445067,-0.35436779143040553,lift
185,0.3231715099849858,0.1213076444720739,0.09767754853453904,0.2489813927431926,0.03121330022159017,0.21048392360053064,-0.021307076427512783,0.17767754853453904,5.868333013650237,lift
186,0.3206887741837369,0.12273419215714135,0.09749283687030671,0.23737334851853628,0.04177691714101001,0.1927795280302259,-0.02273362411258023,0.1774928368703067,-0.06441322193450993,lift
187,0.32036688571509886,0.12309130384524201,0.09776005219439397,0.22864497493337027,0.0626210778001961,0.18281648551506052,-0.02309073580068091,0.17776005219439397,-0.35742510046353404,lift
188,0.3217201125093601,0.12211846730270245,0.09750917745284293,0.21867682272642344,0.08186730855579882,0.172649507681077,-0.022117899258141338,0.17750917745284295,-0.29611821663113513,lift
189,0.32267129536381844,0.12145564475167672,0.09734843546882639,0.22174316279983913,0.06709696441548094,0.17105520189489354,-0.021455076707115606,0.1773484354688264,-0.3160570417191595,lift
190,0.32241956387242926,0.1216101115862029,0.09738250133027405,0.23713878533484678,0.05161274670777829,0.18441293354387384,-0.021609543541641796,0.17738250133027406,-0.02993633510634286,lift
191,0.32693512846912204,0.12111559761826265,0.10127688637078167,0.251201560041114,0.04900904759102306,0.2047170037258567,-0.021115029573701538,0.18127688637078165,-0.02838643295058496,lift
192,0.33375634972670665,0.12044901069608867,0.10564867852429419,0.2585508108849482,0.0545863749809594,0.20656410285591809,-0.020448442651527565,0.18564867852429418,0.49445043074859196,lift
193,0.33543223400029126,0.12165306376061573,0.10608041636953404,0.25901859869848076,0.06027659268691684,0.19417367890890103,-0.021652495716054626,0.18608041636953404,2.8302591122282506,lift
194,0.3381013913313583,0.12227486503003485,0.10852496224920963,0.26139457866049737,0.05696438590463285,0.2022779239862924,-0.02227429698547373,0.18852496224920962,-0.17042306248033157,lift
195,0.3384832313895543,0.12226994333065903,0.10894277269923913,0.2614152250530943,0.06021968530095064,0.2152317927258513,-0.02226937528609793,0.18894277269923915,-0.16148756721975577,lift
196,0.3387624572148105,0.12162646013363512,0.10896779720473387,0.26422282049037515,0.05518912401259723,0.2191277993055471,-0.021625892089074006,0.1889677972047339,0.03656129097500438,lift
197,0.3404099012611092,0.12343056931325348,0.10860372745654122,0.2661228009292832,0.056925360162617865,0.21248690724214742,-0.02343000126869238,0.18860372745654122,0.4656425709814326,lift
198,0.33917769549599674,0.12395239365839046,0.10720463941398875,0.261177389917006,0.05315490591468505,0.2035380578728227,-0.02395182561382936,0.18720463941398874,0.722373777641149,lift
199,0.3364891052926426,0.12472911741628225,0.10455579274954131,0.2572433776756218,0.05335791833961846,0.1999365032803872,-0.024728549371721142,0.18455579274954131,-0.1520749588706023,lift
200,0.33640383585943945,0.1250931679994847,0.10444414790134485,0.2565581463205149,0.049744133314375355,0.20060906004096624,-0.025092599954923578,0.18444414790134483,-1.289816705674286,lift
201,0.3371289168463029,0.12635871383053401,0.1043493624104011,0.25676101540184576,0.04972955904202224,0.19905309315678532,-0.026358145785972897,0.18434936241040112,1.4289638926720283,lift
202,0.3386017632301176,0.12718496349233285,0.10483245759975807,0.2564428540610067,0.050999231312531604,0.19703274136032878,-0.027184395447771736,0.18483245759975808,-2.656176655745737,lift
203,0.34056185284672114,0.1272850290059976,0.10570904430779496,0.2576065916988016,0.04136750376929465,0.19751416434929603,-0.027284460961436496,0.18570904430779495,0.020524656406397224,lift
204,0.3427350297714876,0.12756313914766368,0.10533665255287473,0.25697666723839835,0.03148096486835677,0.1849813654967648,-0.027562571103102562,0.18533665255287474,-1.5706015845000962,lift
205,0.34363655449650365,0.12846711329941204,0.10577460400650128,0.25543563782263085,0.03309554333054619,0.19179117128979223,-0.028466545254850928,0.18577460400650128,-2.0393916031038195,lift
206,0.34582931764077046,0.13329969070727007,0.10592408636009314,0.25302281163919166,0.027308746769773636,0.20357955271308795,-0.03329912266270896,0.18592408636009314,-2.1932909959001763,lift
207,0.3443677106298442,0.13685255663898901,0.10225170338294115,0.2481275746345725,0.03253007257756662,0.19472568133309293,-0.0368519885944279,0.18225170338294117,1.3995048430328894,lift
208,0.3442601339864182,0.13656403746023224,0.10176904468738546,0.24536541888180854,0.031883304345916325,0.17398981959716586,-0.036563469415671124,0.18176904468738547,-0.2606848862172919,lift
209,0.3441472449596216,0.13664248856371275,0.10157569975817302,0.24130622673112986,0.033956823786708785,0.16216927843168266,-0.03664192051915166,0.181575699758173,0.06323608409347026,lift
210,0.34405657960156444,0.13674293869397924,0.10146938697498128,0.2358018408393831,0.038903642777755244,0.1430460431477753,-0.036742370649418155,0.18146938697498127,-0.04371553968586683,lift
211,0.343957891604131,0.1368752289751097,0.10134805374730807,0.23483486514474428,0.030471343193027828,0.12397309134567702,-0.036874660930548586,0.18134805374730806,-0.007705706594417716,lift
212,0.34386721650683744,0.13699755293617782,0.10123763196714593,0.23910580460912517,0.01957373728555664,0.11827869085998927,-0.036996984891616735,0.18123763196714593,-0.1947524447368374,lift
213,0.3437830224699275,0.13711160095808003,0.10113460410875977,0.24129894003010538,0.031349508824693985,0.10156566994702847,-0.037111032913518915,0.18113460410875976,-0.1016859778564867,lift
214,0.3437044659869465,0.1372189035666969,0.10103798143382689,0.24122409074579948,0.03166678168405581,0.07671406960149428,-0.03721833552213577,0.18103798143382688,-0.08187124000490265,lift
215,0.34364070892896875,0.13730050501881677,0.10096926814173152,0.24293004648262484,0.02145177506438315,0.0647433341548452,-0.037299936974255654,0.18096926814173153,-0.12587320956158532,lift
216,0.3435620850212939,0.1374215353468076,0.10086687997000128,0.2471108088366658,0.02535144783965835,0.0675750533020127,-0.03742096730224648,0.18086687997000128,0.0018854248732154133,lift
217,0.34348901088405065,0.13753391308526214,0.10077058844585231,0.24754818191973033,0.026762682728218877,0.04916028838555114,-0.03753334504070105,0.1807705884458523,-0.001315369919356435,lift
218,0.34343183966308594,0.13761216769792275,0.1007022614629643,0.24922645946600153,0.01974186300172007,0.02901503737290939,-0.03761159965336164,0.1807022614629643,-0.08348101836023769,lift
219,0.3433793608473553,0.13768194586189145,0.10063900283741187,0.2536823467321089,0.012020055944390498,0.029833408648951176,-0.03768137781733033,0.18063900283741186,0.0006340668885558287,lift
220,0.3433045955466499,0.13780507458625052,0.10052355158542153,0.2558900432849322,0.015674162122213876,0.02592129737888277,-0.03780450654168943,0.18052355158542155,0.0007877901472821414,lift
221,0.34325446836574436,0.13787414816357607,0.10045730393864602,0.2615911719851744,0.012627507301639848,0.033265767164133694,-0.03787358011901498,0.180457303938646,-0.011842917914110185,lift
222,0.34320491489949373,0.13794409784963094,0.10038890977878247,0.26487039997482065,0.005357831696997412,0.034266387630962125,-0.03794352980506982,0.18038890977878247,0.0005864064761085253,lift
223,0.34315546378720885,0.1380158728204557,0.10031762803152577,0.26531360177444197,-0.001598380214298178,0.02550744428881062,-0.0380153047758946,0.1803176280315258,0.0004172998076392709,lift
224,0.3431064127397212,0.13808867413886222,0.10024431834492782,0.26886791434619656,0.006934791966283755,0.02647764257703976,-0.03808810609430113,0.18024431834492782,0.00023307297647034986,lift
225,0.34305798436140994,0.13816186133733402,0.10016967131760822,0.27351113684354394,0.008487263473869288,0.030064336672341443,-0.0381612932927729,0.18016967131760822,8.67022910555626e-05,lift
226,0.3430103381912097,0.1382349090356389,0.10009421134900967,0.2753796510656397,0.005496514654908736,0.030631816494419845,-0.03823434099107781,0.18009421134900966,-2.8146782972804374e-05,lift
227,0.3429635848368356,0.13830721859773776,0.10001816186580723,0.2727227418225975,0.013658937184124045,0.029375806584075362,-0.03830665055317667,0.1800181618658072,-0.00018364692206063182,lift
228,0.3429177976452141,0.13837848720153725,0.0999418311930239,0.2705433568079004,0.021481305235930618,0.037409356209678224,-0.03837791915697614,0.1799418311930239,-0.00023979807170393386,lift
229,0.34254017532479225,0.13923859682112633,0.09976967565364313,0.2696439691500728,0.04241272792726343,0.04273858968969636,-0.03923802877656524,0.17976967565364313,-0.0002623196431854602,lift
230,0.34230346825609975,0.14130962997230975,0.09945539864299169,0.27172211132801277,0.04724571174386081,0.04188598142124439,-0.041309061927748636,0.1794553986429917,0.6181119058718565,lift
231,0.34055195401023647,0.14070715835343275,0.09670390245026622,0.2667190205595278,0.04786954265093345,0.035942123205282034,-0.04070659030887164,0.17670390245026624,-0.6197964113908938,lift
232,0.33875386636460625,0.14071032981788717,0.0970367374618403,0.26226128438571716,0.04643575911320791,0.03649156809745932,-0.04070976177332608,0.1770367374618403,3.129529186816697,lift
233,0.3417510445834818,0.1342873629109956,0.10279831897621647,0.2692529954380277,0.03478369957314949,0.04808845836827448,-0.03428679486643449,0.18279831897621646,-0.1636363077225127,lift
234,0.34913609264282824,0.12198527687481892,0.10720945885967863,0.2850071084069307,0.01088261465247391,0.07485747348326602,-0.021984708830257826,0.18720945885967863,-0.5017099894950547,lift
235,0.3630991151843246,0.11680058480050103,0.10768163327372436,0.29291380482334484,0.0027039357629088587,0.09324091175762454,-0.016800016755939923,0.18768163327372436,0.0,lift
236,0.3757051671916565,0.10771090963095895,0.10425993601620401,0.2911766093931555,0.015703754490412253,0.08700240214722565,-0.007710341586397829,0.184259936016204,-1.7675595599018152,lift
237,0.37675323236538566,0.11175230189457856,0.10883979540841802,0.2840351567934886,0.04082356512471483,0.05547069705928814,-0.01175173385001746,0.18883979540841803,4.753645589667459,lift
238,0.37679981272976115,0.12638109552109236,0.09732474685801053,0.2829138857100502,0.05539776329815235,0.03671037656766428,-0.026380527476531246,0.17732474685801053,0.0,lift
239,0.3681989045591528,0.13068568027410302,0.09984484572641779,0.2895337091034492,0.04889206499322543,0.05174959894772446,-0.0306851122295419,0.1798448457264178,1.7173934848125398,lift
240,0.3692474831880688,0.12906424354850748,0.0993232732070206,0.28600062520514036,0.04898853409381139,0.05497158250584597,-0.029063675503946396,0.1793232732070206,-0.9015217502065632,lift
241,0.3786420667814985,0.125598778974227,0.09008925295954154,0.27858658951544124,0.06315547976039836,0.0526062205793249,-0.02559821092966591,0.17008925295954153,-1.4492973540166159,lift
242,0.3915466872318847,0.13271230626369301,0.08307366026395925,0.2799868289813616,0.07759658764785793,0.06921789139786565,-0.032711738219131925,0.16307366026395925,6.076561644723234,lift
243,0.4028734399242,0.14292044981595553,0.09461169327071056,0.2820363853657396,0.0931029523664269,0.08842133406807176,-0.04291988177139444,0.17461169327071058,5.4644449539131354,lift
244,0.40907410023555796,0.14698870650400223,0.09471599173039033,0.2844385601539058,0.10418972728173706,0.11000393824824665,-0.04698813845944111,0.17471599173039032,0.0,lift
245,0.40579250507929854,0.14585877007823228,0.09272770092092127,0.2900157174346841,0.10210079214209539,0.11890434654788698,-0.04585820203367119,0.17272770092092127,-1.0638209078747252,lift
246,0.4045038881378849,0.1438578673841267,0.09060199196071923,0.29902088112920044,0.09146701176237149,0.1322600379261844,-0.043857299339565614,0.17060199196071923,0.18179782621713492,lift
247,0.40602690446929623,0.13981841623696084,0.08929444668267714,0.30379922119321884,0.08492544132672214,0.12695819343711076,-0.03981784819239975,0.16929444668267712,-1.6335382217119245,lift
248,0.40989726000864385,0.1401970369075192,0.09163066833944415,0.3057454325824581,0.09439514149105774,0.12576479556432446,-0.04019646886295808,0.17163066833944415,0.1677792256946748,lift
249,0.410073059316938,0.13994305344375688,0.09218751753640063,0.3111522701731164,0.09638156899149343,0.1452607042306037,-0.03994248539919576,0.17218751753640063,-0.16964180835459935,lift
250,0.4018478346021544,0.1395264032213521,0.08599294991032802,0.31363696528296536,0.09820932056870602,0.1538519044266779,-0.03952583517679098,0.16599294991032804,-0.038517216632303695,lift
251,0.39311243755810865,0.13915341741867457,0.07856664193765844,0.3094552655127343,0.12003966376756464,0.14840096955690482,-0.03915284937411345,0.15856664193765846,-0.0758875276273207,lift
252,0.39496823186245117,0.1389612392457153,0.07947122432919107,0.30677598718718596,0.11617679835369625,0.12829798782466745,-0.03896067120115421,0.15947122432919109,0.11139562934852404,lift
253,0.3956012375468359,0.1394407593886852,0.08022742553498483,0.3086960734235836,0.11683640686103387,0.13159454867306697,-0.039440191344124076,0.1602274255349848,-5.52803856029638,lift
254,0.3938552302653453,0.13974690526328265,0.0794227297394911,0.3100662164443364,0.14017857632551053,0.15502509335240444,-0.03974633721872156,0.15942272973949112,-1.9116812792177325,lift
255,0.39399460288071897,0.1398457905643188,0.07979309979194799,0.31035664234876764,0.14388248580453822,0.16092742123210346,-0.039845222519757695,0.159793099791948,0.2602391165620392,lift
256,0.39402629635223113,0.1398757184777962,0.07987581379158644,0.30879565146427673,0.1244016004160285,0.13546454454978923,-0.039875150433235085,0.15987581379158644,-0.02523659515783209,lift
257,0.3960807518309597,0.12600386892812415,0.08976381859393605,0.3125922490030115,0.09117180898087589,0.13225127670948775,-0.026003300883563063,0.16976381859393605,-0.0044020845400065895,lift
258,0.39348678648499885,0.10928323488769673,0.10028245581485487,0.31313967385288405,0.05263494274988784,0.13770555948017832,-0.009282666843135612,0.18028245581485486,2.026967476787764,lift
259,0.3927596674208647,0.09858406066993558,0.10497086285189523,0.30280098192127314,0.027199388728332826,0.12125025707968445,0.0014165073746255086,0.18497086285189523,2.8341151801835225,lift
260,0.3909703179045108,0.08956702073674304,0.11006494072062294,0.29710939243978174,0.016888433867180586,0.12309038628995468,0.010433547307818064,0.19006494072062294,1.5656625912391817,lift
261,0.3966480974467921,0.08422792449018865,0.10885797381705005,0.2994617449252671,0.01847224558750072,0.14844705294235935,0.015772643554372467,0.18885797381705005,0.8693334091363148,lift
262,0.3990658267431276,0.08523227032955226,0.10753773446223797,0.29826091671834404,0.03381252163634528,0.1452315140003459,0.014768297715008843,0.18753773446223798,0.7531815161971219,lift
263,0.39865783750441086,0.09169284419427794,0.10587047108369277,0.29662224118662417,0.04804594739140572,0.13909165940376922,0.008307723850283166,0.18587047108369276,1.0212311341189262,lift
264,0.3990785534606856,0.10371250904258134,0.10093720615708263,0.29872363362512844,0.054007954650232455,0.15849076242596538,-0.0037119409980202467,0.18093720615708264,1.2722577580811514,lift
265,0.39966542426721763,0.1218856037388266,0.08974417435479522,0.30346268482758143,0.05596421692875337,0.17459780791959267,-0.021885035694265503,0.16974417435479522,1.4563588329577501,lift
266,0.40018362982387773,0.13749310167818043,0.07868213787895798,0.30446733042511104,0.0672224065083187,0.16978036198900934,-0.03749253363361932,0.15868213787895796,1.5797885193744379,lift
267,0.40004964601784215,0.1337939526812534,0.07900559346399194,0.2977011248560888,0.06736224201314704,0.13397897370829276,-0.03379338463669229,0.15900559346399196,-3.5787600117378817,lift
268,0.4000314771776282,0.13334157239990507,0.07954247861650059,0.29420292961074224,0.055551753866863285,0.12063737846833121,-0.033341004355343984,0.1595424786165006,5.12593817574709,lift
269,0.4000362561942255,0.13350845610987927,0.07983781850352711,0.29724296437101433,0.04500347458674009,0.1175433493803092,-0.03350788806531818,0.15983781850352713,-0.07371169985254596,lift
270,0.40003701303936623,0.13353439224696323,0.07988331026406725,0.3011499564036983,0.04219897648931176,0.11383741739103403,-0.03353382420240214,0.15988331026406727,-0.025771223445996718,lift
271,0.40081583419289096,0.1389079092872479,0.08541525515577555,0.3059555243845822,0.05873520883947909,0.1346426145396638,-0.0389073412426868,0.16541525515577554,-0.0037215417371382004,lift
272,0.4025553548681039,0.13742711157378226,0.09932281590750264,0.3124248343453708,0.0741988403277858,0.16045032390177427,-0.037426543529221146,0.17932281590750265,1.7134702560919677,lift
273,0.4028748494092969,0.1309111721860938,0.10499783883685668,0.31565868574893297,0.07708802271196004,0.17049106294399893,-0.030910604141532683,0.18499783883685667,-2.956653525494218,lift
274,0.4016635230028925,0.12824159272837662,0.10076977224686258,0.31196528066336215,0.07547051112100144,0.1636285307993274,-0.028241024683815508,0.18076977224686258,1.3891567671962548,lift
275,0.3973296124470304,0.1261130699735064,0.09747994206817692,0.3040656528994473,0.07043997169331057,0.15207028054877025,-0.02611250192894532,0.1774799420681769,0.14029102447886288,lift
276,0.3962378722236498,0.12614251809083624,0.09074589881005181,0.2990723183598883,0.07074011666471319,0.13282831540503043,-0.02614195004627512,0.1707458988100518,-1.1421091801523635,lift
277,0.3982009795372696,0.13245553298336543,0.09273351347444328,0.29684487978784635,0.08362747975000706,0.1370215639883945,-0.03245496493880434,0.17273351347444327,3.1587466869888257,lift
278,0.39642586589786755,0.1274961625245317,0.09768134408591339,0.2981751732111019,0.07920251981706368,0.1491840517797195,-0.027495594479970575,0.1776813440859134,-2.8123224418768302,lift
279,0.3987977207836722,0.12301988455199979,0.09769827671027193,0.3018762762680469,0.0716260879556875,0.14815959722949468,-0.023019316507438686,0.17769827671027194,5.058750280410024,lift
280,0.4004035571541687,0.12368550561607586,0.0996503798404419,0.30427987274717155,0.07359987554325638,0.15277438476744082,-0.02368493757151474,0.1796503798404419,0.09794194552324775,lift
281,0.3988167476279899,0.12446683993491205,0.09944186844216318,0.3045630723934637,0.07666213656503815,0.17607231004133791,-0.024466271890350944,0.1794418684421632,2.09036500500591,lift
282,0.39283163899500323,0.11902590789242744,0.0913587339923804,0.3061700327504165,0.067152860358731,0.1931348673495939,-0.019025339847866335,0.17135873399238039,-1.093295118825882,lift
283,0.3941017508218106,0.1119043003777012,0.08912228881775465,0.307885888970572,0.06208843566546582,0.2083103238572254,-0.011903732333140099,0.16912228881775465,-0.1946931284169644,lift
284,0.3903492693503254,0.10913623343382535,0.09084778647806245,0.31088345633382614,0.05171450320210177,0.2193815231227209,-0.009135665389264247,0.17084778647806245,3.2161710679556843,lift
285,0.39161429385466745,0.1063810724834563,0.09326205777384243,0.3154126184634952,0.04753588066334629,0.2151849126892525,-0.006380504438895207,0.17326205777384243,-2.2280251698501017,lift
286,0.39597219306763765,0.1060382252974358,0.09639939668406994,0.3176323337512974,0.0560600868559687,0.20945658459773073,-0.006037657252874695,0.17639939668406995,0.4345525961414527,lift
287,0.3939758589964399,0.10651831160815771,0.0950583213515638,0.31746549177948763,0.062424027371600306,0.19219879802937778,-0.006517743563596606,0.1750583213515638,0.24326933261559427,lift
288,0.3972257114505033,0.10629746268722347,0.09690606889117154,0.32000543421008987,0.06349750050437991,0.19012210805307972,-0.006296894642662365,0.17690606889117155,-0.8915959225068733,lift
289,0.39609116934292965,0.10214655800478813,0.09861728634064323,0.3219336088744994,0.05242246894006023,0.1821036588016928,-0.002145989960227024,0.17861728634064322,0.11711063446728584,lift
290,0.39146224068055485,0.09949288070695303,0.09919314649885967,0.32189244493894076,0.04398197411456714,0.18128481329532964,0.000507687337608087,0.17919314649885967,-2.133108628909625,lift
291,0.38966888658253596,0.09778894791580567,0.10017972585207673,0.3222850259543218,0.04148797861260953,0.18731437621460456,0.0022116201287554205,0.18017972585207673,-0.32237033651676583,lift
292,0.3857064059432654,0.09619119055058069,0.09877576342618942,0.32012819303174755,0.03715013228537567,0.18189811390219776,0.003809377493980415,0.17877576342618942,-1.1102613384618962,lift
293,0.38412003651134713,0.09499153800624116,0.09836812206757982,0.3169572516276947,0.0349010250763447,0.1747759893707743,0.005009030038319928,0.17836812206757982,0.2634912541124308,lift
294,0.390009629697854,0.09798895921025483,0.10197241007113125,0.31903944489344666,0.04145041491805193,0.1695069395699567,0.002011608834306289,0.18197241007113124,1.002119249730184,lift
295,0.40048029680034236,0.10723082839210477,0.10309314949669164,0.31956264153626796,0.05262654704002066,0.15579299221060625,-0.007230260347543649,0.18309314949669164,4.771921919419825,lift
296,0.4014627126951541,0.11617050838485976,0.09970522119170287,0.3045529081830651,0.06961057586017351,0.12909158699822715,-0.016169940340298672,0.17970522119170287,1.66257372461485,lift
297,0.391943727355421,0.11629398497265646,0.09512421687934225,0.2959653219714519,0.06745587366401207,0.10903062600206176,-0.016293416928095356,0.17512421687934226,-2.0525716597712322,lift
298,0.3945747338063437,0.11620095923977505,0.09684375573965905,0.297947791618968,0.07208590875084105,0.11391610253253392,-0.016200391195213937,0.17684375573965905,-6.905224453715274,lift
299,0.3988868579650278,0.11585023708774027,0.09977461897183373,0.29938644801051256,0.08086199971496731,0.12441929803556728,-0.015849669043179165,0.17977461897183372,-0.6100576400168249,lift
